date,scenario_A_pct,scenario_B_pct,scenario_C_pct,scenario_D_pct,scenario_E_pct,diplomatic_channel,military,economic,domestic_politics,proxy_forces,brent_usd,key_event
2026-04-19,5,45,29,16,5,+2,-2,-1,+1,-1,94,트럼프 미국 관리 파키스탄 이동 발표(2차협상 임박 시사)
2026-04-20,4,35,34,22,5,0,-3,-2,-1,0,97.5,이란 Tasnim 역봉쇄 해제 전 협상단 파견 거부·갈리바프 "최종합의 거리 멀다"·휴전만료 48시간
2026-04-21,2,12,43,36,7,-2,-5,-3,-2,-1,95.0,USS 스프루언스 M/V Touska 나포·IRGC 드론 보복·트럼프 "연장 극히 불가"·이란 FM 2차협상 거부
2026-04-22,2,25,38,29,6,-1,-4,-3,-4,-1,95.0,트럼프 휴전 무기한 연장(파키스탄 요청)·밴스 이슬라마바드 방문 취소·이란 대표단 불참·IRGC 국가기능 장악·모즈타바 하메네이 비활동
2026-04-23,2,20,43,29,6,-2,-5,-4,-4,-2,101.5,IRGC 2척 나포(MSC Francesca·Epaminondas)·미 인도양 원유선 추가 나포·트럼프 "기한 없음"vs Axios "3~5일"·트럼프 기뢰선 발포·사살 명령·한국 정병하 특사 아라그치 면담·이-레바논 워싱턴 직접 협상 개시
2026-04-28,3,24,41,26,6,-1,-4,-5,-3,-3,111.26,이란 핵 분리 신(新)제안(파키스탄·오만 경유) 워싱턴 전달·트럼프 위트코프/쿠슈너 파키스탄行 취소·트럼프 "이란 국가 붕괴 상태" 공개 발언·아라그치-푸틴 상트페테르부르크 회담·UAE OPEC 탈퇴(5/1 발효) 발표·GCC 제다 정상회의 단합된 외교적 해결 천명·이-레바논 휴전 사실상 붕괴(이스라엘 14명·이스라엘군 1명 사망)·브렌트유 $111.26 종가
2026-05-01,2,19,42,30,7,-2,-5,-5,-3,-4,114.01,트럼프 CENTCOM 쿠퍼·헤그세스·케인 군사옵션 브리핑(인프라 단기타격+호르무즈 일부 장악+HEU 970파운드 특수작전)·모즈타바 하메네이 첫 서면 메시지(美 공격 '수치스런 패배'·호르무즈 새 법적 체계·핵미사일 'at all costs' 수호)·페제시키안 "美 봉쇄는 휴전 위반"·트럼프 이란 신제안 공식 거부·루비오 "허가 통과는 개방 아님"·푸틴 HEU 인수 재제안 트럼프 거절·브렌트유 장중 $126.41(4년래 최고)→종가 $114.01·레바논 24시간 28~32명 사망(레바논군 2·구급대원 3 포함)·이스라엘 '내주 이란전 재개 대비'·UAE OPEC 5/1 공식 탈퇴·美상원 War Powers 결의 6번째 부결(50-47, 콜린스 이탈)·머코우스키 AUMF 5/11 발의 예고·한국 외교부 '호르무즈 통항 최종결정 선사 몫'
2026-05-02,3,23,44,25,5,+2,+1,+1,0,0,108.17,이란 카운터 제안 파키스탄 경유 전달(위트코프 핵 의제 재이식 수정안에 대한 응답)·트럼프 "만족 못함"·합의vs결단 양자택일 프레이밍·War Powers 60일 시한 무력화(트럼프 '적대행위 종결'·헤그세스 '시계 정지'·상원 6번째 부결 50-47·튠 추가표결 거부)·IRGC '길고 고통스러운 타격' 경고·모즈타바 '미군은 바닷속 밑'·페제시키안 '봉쇄=군사작전 연장'·그로시 'HEU 970파운드 이스파한 잔존'·브렌트 종가 $108.17(-5.1%·WTI $101.94 -3%)·UN/英 왕립해군 '호르무즈 통항 90%↓·2만 명 선원 발묶임 인도주의 위기'·UAE OPEC 탈퇴 5/1 발효·아라그치 파·오·러 72시간 순방
2026-05-03,3,22,46,26,3,+1,-3,0,-2,-2,107.00,미 국무부 86억$ 비상 무기수출(36(b) 의회우회) 이스라엘·카타르·쿠웨이트·UAE 4개국 일괄 승인(카타르 패트리엇 40.1억+APKWS 9.92억·쿠웨이트 통합지휘체계 25억·이스라엘 APKWS 9.92억·UAE APKWS 1.48억)·IRGC 아사디 부사령관 'war likely·기습 조치 beyond imagination'·트럼프 핵무기 사용 명시 부인·카타르 PM-아라그치 직접 통화(카타르 트랙 신규 활성화)·한국 조현-아라그치 3차 통화(이란 요청, KR선박 26척·선원 161명 잔류)·닉 스튜어트 미측 협상팀 합류·페제시키안 '美 과도한 요구·위협·도발 변경시 외교 준비' 터·이·카에 동시 통보·CENTCOM 20일간 48척 미통과(20시간내 3척 추가)·이란 일일 5억$ 손실(WH 비공식 평가)·이스라엘 24시간 남부 레바논 41명 사망·헤즈볼라 50개 표적 타격·브렌트 ~$107(주간 -6%)
2026-05-04,2,21,47,28,2,+2,-1,+1,-2,-1,107.00,트럼프 'Project Freedom' 발표(5/4 ME 시간 호송 개시·미 해군 호르무즈 발묶인 외국 선박 호송·'interference will be dealt with forcefully' 강력 경고)·트럼프 Kan News 인터뷰서 이란 14개 항 'not acceptable' 공식 거부('이란이 충분한 대가 미지불')·익명 미 관리 '핵 미포함이 거부 사유' 명시·위트코프 CNN 'in conversation' 공식 확인·미측 수정안 파키스탄 경유 재발신·이란 외교부 대변인 바그하에이 미측 회신 수령 검토 확인·Fars '최종 합의 전 호르무즈 개방 미포함' 단정·페제시키안·갈리바프 아라그치 경질 추진 가시화(IRGC 사령관 바히디 종속 의혹)·IRGC 가택연금 루머 SNS 확산(미확인·신뢰도 低)·이스라엘 남부 레바논 점령구역 너머 신규 강제대피 경고·헤즈볼라 FPV 드론 IDF 차량 표적화 급증·네타냐후 대드론 특별 프로젝트 공개·독일 외무 바데풀 '이란 핵 검증 폐기+호르무즈 즉시 개방' 공개 요구·Polymarket '6/30 영구평화' 38%(전일 43%에서 -5p)·브렌트 ~$107선 보합
2026-05-05,1,12,41,41,5,-2,-3,-2,0,-2,114.44,'Project Freedom' 첫 사이클 가동(美 호송 美국적 상선 2척 호르무즈 통과 성공)·美-이란 직접 키네틱 교환(AH-64/MH-60S 헬기 이란 소형 공격정 6척 격침·트럼프 7척 주장)·이란 美 구축함에 미사일 2발 발사(CENTCOM 명중 부인)·이란 UAE 본토 19기 미사일·드론 발사(UAE 12 탄도+3 순항+4 UAV 요격, 푸자이라 인디아인 3명 부상)·푸자이라 VTTI 석유산업단지 화재·ADNOC Barakah 원유탱커(공선) 드론 2발 피격(인명 0)·HMM Namu(파나마 선적·승선원 24/한국인 6) UAE 인근 정박 중 5/4 20:40 KST 폭발·화재(인명 0, 외부 충격 추정)·트럼프 Hugh Hewitt 'blown off the face of the Earth' 위협·"군사적으로 본질적으로 끝났다 vs 휴전 끝났는지 답할 수 없다" 양가 발신·美 OFAC 통항 대가 지불 美법 위반 신규 가이던스(일본형 양해통과 모델 美 제재망 포섭)·CENTCOM Cooper 헬기 격침·15,000명·항공기 100여 대·구축함·드론 umbrella 공식 확인·IRGC 통합지휘부장 Abdollahi '美 군 진입 시 공격' 공식 성명·이란 외교부 美 호송 '휴전 위반' 규정·이란 호르무즈 통제구역 UAE 영해 일부까지 확장·이란 IRGC 격침 사실 부인·페제시키안-아라그치 5/4 공개 발신 미확인·韓 외교부 '관련국 긴밀 소통·韓 선박·선원 안전 필요 조치' 공식 입장·이스라엘 남부 레바논 20+ 표적 공습(레바논 장교·병사 1명씩 부상)·IDF 'high readiness' 격상·브렌트 종가 $114.44(+5.8%·+$6.27)·WTI $106.42(+4.4%·+$4.48)·Eurasia Group '호르무즈 합의 없으면 6월 美 휘발유 갤런 $5'·Polymarket 'US x Iran 영구평화 12/31' 75%(검색결과 스냅샷·직접 호가 403)
2026-05-06,A,2,+1,Polymarket US-Iran nuclear deal by 5/31 (간접),14.5% YES,Aragchi '파키스탄 트랙 협상 진전 중' 첫 공개 명시·5/5 키네틱 휴지·Rubio '전투 작전 종료' 종결 프레이밍
2026-05-06,B,22,+10,Polymarket Hormuz traffic normal by end of May (간접),15.5% YES,⚠ 유의 이동·Hegseth '휴전 유효' Caine '임계 미만' 단일 발신·페제시키안 IRGC 'completely irresponsible' 측근 발신·韓 호송함 파견 검토
2026-05-06,C,43,+2,앵커 부재 — 주관적 추정,—,재확전 본체 두께 5/4 82%→72% -10p 부분 축소·OFAC 가이던스 잔존·여전히 베이스라인 상회
2026-05-06,D,29,-12,앵커 부재 — 주관적 추정,—,⚠ 유의 이동·5/4 'D 진입' 변곡점 부분 되돌림·IRGC 추가 응수 0/1 변수·美 함선 직격 트립와이어 잔존
2026-05-06,E,4,-1,앵커 부재 — 주관적 추정,—,트럼프 톤 부분 완화('far more malleable')·Project Freedom 임시작전 자기제한·동맹 호위 확장 시 비대칭 점프 위험
2026-05-07,A,4,+2,Polymarket US-Iran nuclear deal by 5/31 (간접),24% YES,Axios 14항 1쪽 MOU 24~48h 응답 임박·Witkoff/Kushner 직접·간접 협상·트럼프 'deal a week away' '베이징 정상회담 전 합의 가능'
2026-05-07,B,35,+13,Polymarket Hormuz traffic normal by end of May (간접),27% YES,⚠ 유의 이동·트럼프 'Project Freedom 일시 중단'·사우디·쿠웨이트 영공·기지 차단→해제·Aragchi-王毅 베이징 회담·Pezeshkian-모즈타바 2.5h 회담·브렌트 -7~8% $99~100
2026-05-07,C,38,-5,앵커 부재 — 주관적 추정,—,5/7 美·이란 직접 키네틱 교환(USS Truxtun·Peralta·Mason 통과 중 이란 다중 발사·CENTCOM 반다르 압바스·게쉼 직접 타격·트럼프 'love tap')·CMA CGM 'San Antonio' 피격·재확전 본체(C+D) 72%→57%
2026-05-07,D,19,-10,앵커 부재 — 주관적 추정,—,⚠ 유의 이동·MOU 임박+Project Freedom 일시 중단으로 'D 본격화' 두께 -10p·단 IRGC 추가 美 함선 공격 1건 발생 시 1~2일 D 25~30% 재반등 가능·트립와이어 잔존
2026-05-07,E,4,0,앵커 부재 — 주관적 추정,—,트럼프 'love tap' 톤다운 vs 'much higher level bombing' 양가·美 함선 직격·인명피해 트립와이어 무력화 미확인·모흐센 레자에이 '배상금' 거부 카드 잔존
2026-05-08,A,3,-1,Polymarket US-Iran nuclear deal by 5/31 (간접),24% YES,이란 응답 시한 슬리피지(美 루비오 '오늘 안 응답' vs 이란 외교부 '시한 없음·검토 중')·Aragchi X 'reckless military adventure' 강경 발신·서면 응답·서명 미발생
2026-05-08,B,28,-7,Polymarket Hormuz traffic normal by end of May (간접),26.5% YES,5/8 IRGC UAE 본토 탄도 미사일 2발·드론 3기 추가 직격(부상 3)·美 CENTCOM 이란 빈 유조선 2척 전투기 정밀 무력화·누적 70척 회항·사우디·쿠웨이트 영공·기지 제한 해제(MBS-트럼프 2차 통화)·Project Freedom 이번 주 재가동 라인 복원
2026-05-08,C,43,+5,앵커 부재 — 주관적 추정,—,양방향 키네틱이 본토(이란→UAE)·해상(美→이란)으로 본격 확산·재확전 본체 두께 C+D 57→65% +8p 확대·5/4 D 진입 변곡점 잔존
2026-05-08,D,22,+3,앵커 부재 — 주관적 추정,—,Project Freedom 이번 주 재가동 첫 사이클 시 IRGC 응수 위험 + 美·이란 추가 직접 키네틱 0/1 변수·美 함선 직격 트립와이어 잔존
2026-05-08,E,4,0,앵커 부재 — 주관적 추정,—,Trump 'love tap' 톤다운 유지·美 함선 직격·인명피해 미발생·UAE 본토 부상 3명 누적·트립와이어 잔존
2026-05-10,A,2,-1,Polymarket US-Iran nuclear deal by 5/31 (간접),21% YES,Witkoff '제로 농축·시설 dismantle·far-away 반출·red line' 적색선 격상·이란 응답 2일 누적 슬리피지·Aragchi 'Rainbow Site' 강력 반박
2026-05-10,B,30,+2,Polymarket Hormuz traffic normal by end of May (간접),27.5% YES,5/9 키네틱 24시간 휴지(IRGC UAE·美 함선 추가 직격 0건)·英 HMS Dragon 사전배치·佛 샤를 드골 홍해 전진·英·佛 공동 다국적 호송 코얼리션 정식 입장
2026-05-10,C,41,-2,앵커 부재 — 주관적 추정,—,5/4~5/8 5일 연속 양방향 키네틱 후 첫 24시간 휴지로 단기 재확전 모달 일부 후퇴·재확전 본체 두께 C+D 65→63%
2026-05-10,D,22,0,앵커 부재 — 주관적 추정,—,Project Freedom 다국적 사이클(美+英+佛) 가시화 시 IRGC 응수 비대칭 절제 가능성 vs 단독 사이클 시 D 재반등 분기 균형
2026-05-10,E,5,+1,앵커 부재 — 주관적 추정,—,5/9 이스라엘 베이루트 남부 추가 드론(4명 사망)·남부 레바논 13명+ 사망·헤즈볼라 보복·5/14~5/21 휴전 만료 D-5~D-12 + Witkoff 적색선 격상 + 'Rainbow Site' 변수 가시화
2026-05-11,A,1,-1,Polymarket US-Iran nuclear deal by 5/31 (간접),~17% YES,이란 카운터 서면 응답 파키스탄 경유 전달·트럼프 'TOTALLY UNACCEPTABLE' 즉시 거부·Polymarket 농축 중단 동의 12% YES(-7p)
2026-05-11,B,21,-9,Polymarket Hormuz traffic normal by end of May (간접),24% YES,⚠ 누적 임계 직전·카운터 본문 시퀀싱(美 봉쇄 해제+OFAC 30일 철회+HEU 일시 이전+호르무즈 이란 통제 명문화)이 Witkoff 적색선과 본질적 양립 불가·카타르 LNG 호르무즈 첫 통과 양가 신호
2026-05-11,C,44,+3,앵커 부재 — 주관적 추정,—,IRGC 카타르·UAE·쿠웨이트 3개 GCC 본토 동시 드론 직격(인명피해 0건)·5/9 24h 키네틱 휴지 단절·HMM Namu 외부 공격 확정
2026-05-11,D,28,+6,앵커 부재 — 주관적 추정,—,트럼프 'Project Freedom Plus' 위협·Aragchi 'Project Deadlock' 조롱·페제시키안 강경 톤·HMM Namu 외부 공격 확정·美 함선 직격·인명피해 트립와이어 잔존
2026-05-11,E,6,+1,앵커 부재 — 주관적 추정,—,이스라엘 39명 사망(역대 최다)·5/14~5/21 휴전 만료 D-3~D-10 라인·헤즈볼라 보복·다중 GCC 본토 직격·美 함선 직격·인명피해 트립와이어 잔존
2026-05-12,A,1,0,Polymarket US-Iran nuclear deal by 5/31 (간접),10% YES,트럼프 'massive life support·1% 생존·garbage·a stupid proposal·핵 영구 중단 약속 필요'·Polymarket deal 10%(-7p) 합의 본체 신호 후퇴 가속·이미 1% 바닥
2026-05-12,B,18,-3,Polymarket Hormuz traffic normal by end of May (간접),14.5% YES,Polymarket Hormuz 14.5%(-9.5p) 누적 -12p·Aramco CEO 'until 2027' 공식 발신·일일 통항 2~5척·240척 외곽 대기·600척+ Gulf 잔류·880M 배럴 손실·美 익명 관리 '정상회담 전 본격 진전 없음'
2026-05-12,C,46,+2,앵커 부재 — 주관적 추정,—,5/11 24h 양방향 키네틱 신규 사이클 0건(IRGC GCC 본토·美 함선·CENTCOM 추가 무력화 모두 0건)·휴지 1차 검증·트럼프 'much more severe' 위협으로 단명 가능성·재확전 본체 두께 C+D 74% 누적
2026-05-12,D,28,0,앵커 부재 — 주관적 추정,—,트럼프 'Project Freedom 재가동·much more severe·해군 호송은 옵션 일부에 불과·다층 옵션' 발신·美 단독 vs 다국적·다층 옵션(OFAC·인프라 단기 타격·HEU 970파운드·호르무즈 일부 장악) 4가지 분기·5/14~5/15 베이징 정상회담 후 본격 재가동
2026-05-12,E,7,+1,앵커 부재 — 주관적 추정,—,Aramco 'until 2027' 공식 발신·5/9~5/11 레바논 3일 74명 사망(5/11 9명 추가)·레바논 대통령 美 압박 요청·5/14~5/21 휴전 만료 D-2~D-9 라인·美 함선 직격·인명피해 트립와이어 잔존·Polymarket permanent peace 5/31 31% YES 첫 가시화
2026-05-14,A,1,0,Polymarket US-Iran nuclear deal by 5/31 (간접),9.5% YES,Vance '진전 중' 톤 미세 완화이나 이란 외교부 5가지 전제조건 공식화·美 14항 MOU 본체 철회 요구·1% 바닥 유지
2026-05-14,B,14,-4,Polymarket permanent peace deal by 5/31 (직접),17% YES,⚠ Polymarket permanent peace 5/31 -14p·6/30 -15p 단일일 임계 본격 돌파·A+B 15%는 4/27 이래 최저·합의 본체 신호 W20 마감 직전 영구 후퇴 분기 진입
2026-05-14,C,47,+1,앵커 부재 — 주관적 추정,—,5/12~5/13 48h 양방향 키네틱 휴지 누적·베이징 정상회담 D-0 윈도 효과·단 IRGC 'Martyr Commander' 5일 훈련 본격 가동·ISW '이란 신규 전쟁 본격 준비' 평가
2026-05-14,D,30,+2,앵커 부재 — 주관적 추정,—,NBC 단독 'Pentagon Sledgehammer 개명 검토'(60일 War Powers 시계 리셋·의회 우회·새 작전 본체)·Pentagon Hurst $290억 비용 의회 증언·美 익명 관리 'restart major combat 본격 검토 분위기 격상'·정상회담 후 5/16~5/19 1차 가시화 우세
2026-05-14,E,8,+1,앵커 부재 — 주관적 추정,—,5/13 IDF 베이루트 남부 공습 12명 사망(모자·아이 2명 포함)·헤즈볼라 라드완 부대 지휘관 직격·헤즈볼라 지도자 '직접 협상 철회' 공식 요구·5/14~5/15 워싱턴 3차 협상 D-0·5/14~5/21 휴전 만료 D+0~D+7 라인 도래·美 함선 직격·인명피해 트립와이어 잔존
2026-05-15,A,1,0,Polymarket US-Iran nuclear deal by 5/31 (간접),10% YES,Trump-Xi Day 1 9개 항목 합의(호르무즈 개방·非군사화·통행료 반대·中의 對이란 군사장비 금지·이란 핵 불허) 본격 가시화이나 美 상원 52명·하원 177명 농축 거부 서한·이란 5가지 전제조건 잔존·1% 바닥 유지
2026-05-15,B,15,+1,Polymarket permanent peace deal by 5/31 (직접),13.5% YES,Trump-Xi Hormuz 다자 합의 본체 첫 명문화 + Xi '이란 평화 중재 돕겠다' 본문 발신·단 Foreign Policy '이란 관련 거의 성과 없음'·中 對이란 실제 압박 실행 단계 미확정·Polymarket May 31 -3.5p / Dec 31 +1p 비대칭 분포
2026-05-15,C,47,0,앵커 부재 — 주관적 추정,—,5/12~5/14 72h 양방향 키네틱 휴지 누적·정상회담 Day 1~2 윈도 효과·단 UKMTO 푸자이라 북동 선박 탈취 + 인도 Haji Ali 침몰 + IRGC 'Labbayk Ya Khamenei' 5일 훈련 본격 진행·해상 압력 추가 격상
2026-05-15,D,29,-1,앵커 부재 — 주관적 추정,—,Trump-Xi Day 1 호르무즈 명문화 부분 절제이나 美 상원 War Powers 49-50 표결(단일 최소차·3 GOP 이탈·60일 시계 만료 후 첫 표결) + 의회 적색선 강제 서한으로 Sledgehammer 60일 시계 리셋 인센티브 강화 양가·5/16~5/19 1차 가시화 우세
2026-05-15,E,8,0,앵커 부재 — 주관적 추정,—,5/14 이스라엘-레바논 워싱턴 3차 협상 D-0 + 휴전 만료 D+0·IDF 남부 레바논 2명 사망·헤즈볼라 의원 '공짜 양보' 거부 + 협상 결과 준수 거부 공식 입장·5/14~5/21 휴전 만료 D+0~D+7 라인 도래·美 함선 직격·인명피해 트립와이어 잔존
2026-05-16,A,1,0,Polymarket US-Iran nuclear deal by 5/31 (간접),7% YES,Trump-Xi Day 2 종료·Trump empty-handed 통합 평가·中 외교부 readout 이란 언급 全無·Polymarket nuclear deal 5/31 -3p(10→7)·1% 바닥 유지
2026-05-16,B,18,+3,Polymarket permanent peace deal by 5/31 (직접),12% YES,이스라엘-레바논 45일 휴전 연장 공식 합의(美 국무부 발표·정치트랙 6/2~6/3·안보트랙 5/29 펜타곤)·단 BRICS 공동성명 실패·Trump empty-handed 통합 평가의 부분 상쇄·permanent peace 5/31 -1.5p·6/30 -2p·12/31 -1p 통합 후퇴
2026-05-16,C,47,0,앵커 부재 — 주관적 추정,—,5/12~5/15 96h 양방향 키네틱 휴지 누적·IRGC Labbayk Khamenei 5일 훈련 D-2 순조·단 UKMTO Hui Chuan Floating Armoury 탈취 이란 IRGC 단독 잠정 확정·Aref 호르무즈 이란 소유 본문 격상·재확전 본체 두께 보합
2026-05-16,D,27,-2,앵커 부재 — 주관적 추정,—,이스라엘-레바논 45일 휴전 연장 + IRGC 5일 훈련 D-2 + 키네틱 96h 휴지 누적의 D 트립와이어 부분 무력화·단 Sledgehammer 시점 슬리피지 + HMM Namu 韓 정밀 분석 본격 개시 + UKMTO Hui Chuan IRGC 단독 잠정 확정 트립와이어 잔존
2026-05-16,E,7,-1,앵커 부재 — 주관적 추정,—,이스라엘-레바논 45일 휴전 연장 공식 합의로 단기 7일 윈도 E 트립와이어 본격 후퇴·단 5/15 IDF 남부 레바논 7명 사망·Aoun 네타냐후 회담 거부 + 5/29 안보 트랙 가동까지 14일 윈도 헤즈볼라 보복 1건 트립와이어 잔존
2026-05-17,A,1,0,Polymarket US-Iran nuclear deal by 5/31 (간접),7% YES,트럼프 20-year suspension 첫 톤다운(Air Force One)이나 NYT 美·이스라엘 내주 공격 본격 준비 본문·Mojtaba new and decisive directives·1% 바닥 유지
2026-05-17,B,19,+1,Polymarket permanent peace deal by 5/31 (직접),12% YES,트럼프 20-year suspension 첫 톤다운 + 파키스탄 트랙 본격 재가동(Naqvi 5/16~5/17 테헤란 방문·Momeni 카운터파트 회담)·단 NYT 내주 공격 본격 준비 + Trump calm before the storm AI 본문의 부분 상쇄·permanent peace June 30 -1p 추가 후퇴
2026-05-17,C,44,-3,앵커 부재 — 주관적 추정,—,5/12~5/16 120h 양방향 키네틱 휴지 누적·IRGC Labbayk Khamenei 5일 훈련 종료 D-0(5/17)·단 NYT 내주 공격 본문 + Trump calm before the storm AI + Israeli Channel 12 24h 결정으로 C 본체 → D 본체 본격 이동·재확전 본체 두께 C+D 73% 유지(전일 74% -1p)
2026-05-17,D,29,+2,앵커 부재 — 주관적 추정,—,NYT 5/15 단독 美·이스라엘 이란 추가 공격 내주 가능 가장 강도 높은 준비(HEU 970파운드 회수 특수작전·Kharg Island 지상 점거·인프라 폭격 확대) + Trump Truth Social calm before the storm AI 본문 + Israeli Channel 12 24h 결정 + Mojtaba new and decisive directives의 4중 신호로 D 본체 본격 재가동·키네틱 신규 사이클 0/1 변수 트립와이어 잔존
2026-05-17,E,7,0,앵커 부재 — 주관적 추정,—,이스라엘-레바논 45일 휴전 연장 본체 잔존이나 5/16~5/17 헤즈볼라 Ya'ara 드론 군집·IDF 약 100표적 직격·9개 마을 강제대피·민방위센터 6명 사망의 +1건 트립와이어 본격 가시화·NYT 내주 공격 본문은 E 트립와이어 재가동·5/29 안보 트랙 가동까지 12일 윈도
2026-05-18,A,1,0,Polymarket US-Iran nuclear deal by 5/31 (간접),~7% YES,UAE 바라카 외곽 첫 직격 + 트럼프 NSC + Truth Social 'nothing left'의 압박 본격 재경직이나 Naqvi-페제시키안 90분 회동의 부분 상쇄·1% 바닥 유지
2026-05-18,B,16,-3,Polymarket permanent peace deal by 5/31 (직접),~10-12% YES,Naqvi-페제시키안 90분 단독 회동(긴장 완화·적대 종결)이나 UAE 바라카 + 트럼프 'nothing left' + 네타냐후 안보 내각의 5중 본문 격상이 본격 상쇄·Polymarket permanent peace 5/31 -0~2p·6/30 -2p·12/31 -2p 통합 후퇴
2026-05-18,C,40,-4,앵커 부재 — 주관적 추정,—,5/12~5/16 120h 양방향 키네틱 휴지 종료·5/17 UAE 바라카 외곽 첫 직격 + 사우디 3기 영토 진입 + 바알벡 IDF 직격 + 5명+ 사망의 3축 트립와이어 본격 가시화로 C 본체 → D 본체 본격 이동·재확전 본체 두께 C+D 74% 유지(전일 73% +1p)
2026-05-18,D,34,+5,앵커 부재 — 주관적 추정,—,UAE 바라카 원전 외곽 첫 직격(이란전 발발 이래 핵시설 첫 공격) + 사우디 3기(이라크 친이란 민병대 자산 추정) + 트럼프 NSC(Vance·Rubio·Ratcliffe·Witkoff) + Truth Social 'nothing left' + 트럼프-네타냐후 통화 + 네타냐후 안보 내각의 5중 본문 격상으로 D 본체 본격 진입·단일일 최대 점프(5/4 변곡점 이래)
2026-05-18,E,9,+2,앵커 부재 — 주관적 추정,—,UAE 바라카 원전 외곽 첫 직격으로 이란전 발발 이래 핵시설 첫 공격 본문 + IAEA 그로시 심각한 우려 공식 성명 + 위임 사이클 본격 재가동 시그널 + 바알벡 IDF 직격의 +1건 트립와이어 본격 점화·4/25 이래 최고
2026-05-19,A,2,+1,Polymarket US-Iran nuclear deal by 5/31 (간접),~7% YES,트럼프 5/18 GCC 3국 요청 화요일 예정 공격 본격 보류 + 이란 14항 수정안 파키스탄 경유 본격 전달 + NO NUCLEAR WEAPONS FOR IRAN 본문 명문화의 양방향 외교 본체 신규 사이클이나 농축 본문 본질적 양립 불가 본격 잔존·1% 바닥 본격 부분 반등
2026-05-19,B,23,+7,Polymarket permanent peace deal by 5/31 (직접),~13.5% YES (+1.5~3.5p),트럼프 5/18 GCC 3국 정상(카타르 Tamim·사우디 MBS·UAE MBZ) 직접 요청 화요일 예정 공격 본격 보류 + 이란 14항 수정안 파키스탄 경유 본격 전달 + Baghaei 농축권 협상 불가이나 페제시키안 합의 도달 시 준수 본문·Polymarket permanent peace May 31 +1.5~3.5p / Dec 31 +3~4p 본격 반등
2026-05-19,C,39,-1,앵커 부재 — 주관적 추정,—,5/12~5/16 120h + 5/18 24h 키네틱 휴지 누적이나 5/17 UAE 바라카 외곽 + 사우디 3기 + 바알벡 + 5/18 +7명 사망 + 30+표적 + 누적 3,000명 돌파의 트립와이어 본격 잔존·재확전 본체 두께 C+D 67%(전일 74% -7p) 본격 부분 후퇴
2026-05-19,D,28,-6,앵커 부재 — 주관적 추정,—,트럼프 5/18 화요일 예정 공격 본격 보류로 D-0 임박 본문 본격 부분 봉합·5/4 D 진입 변곡점 이래 두 번째 큰 후퇴이나 Hegseth·Caine 단 한마디 명령 만반 준비 + 트럼프 2~3일 단기 보류 본문은 5/20~5/22 D-0~D-2 분기 본격 잔존
2026-05-19,E,8,-1,앵커 부재 — 주관적 추정,—,5/18 IRGC 24h 직접·위임 사이클 0건 + UAE 바라카 추가 사이클 0건이나 이스라엘-레바논 5/18 +7명 사망 + 30+표적 + 누적 3,000명 돌파 + 헤즈볼라 응수 + 5/29 안보 트랙 가동까지 10일 윈도 트립와이어 본격 잔존
2026-05-20,A,2,0,Polymarket US-Iran nuclear deal by 5/31 (간접),~7% YES,트럼프 5/19 1시간 전 보류 + 2~3일·금·토·일·내주 초 시한 + another big hit + NSC 후속 회동(Vance·Rubio·Witkoff·Hegseth·Caine·Ratcliffe)의 본격 명문화로 5/22~5/26 D-0~D-6 분기 본격 재경직이나 농축 본문 본질적 양립 불가 본격 잔존·1% 바닥 본격 보합
2026-05-20,B,21,-2,Polymarket permanent peace deal by 5/31 (직접),~13~15% YES (±2p 보합),트럼프 5/19 another big hit + 2~3일 시한 본격 명문화 + 페제시키안 5/19 more severe and powerful response + dialogue not surrender + Tasnim 트럼프 비겁한 행태의 양가 본문은 5/18 +7p 격상 본체 첫 후퇴·단 Polymarket 6/30 +2~4p 미세 반등은 중기 분포 본격 잔존
2026-05-20,C,38,-1,앵커 부재 — 주관적 추정,—,5/19 IRGC 직접·위임 사이클 0건이나 UAE 국방부 5/19 바라카 드론 3기 이라크 영토 발진 공식 확정 + PMF 산하 친이란 민병대 본격 식별 본격 가시화 + 5/19 이스라엘 레바논 +19명 사망(여성 3·아동 3) + Deir Qanun al-Nahr 강타 + 누적 3,020명 돌파의 트립와이어 본격 잔존
2026-05-20,D,31,+3,앵커 부재 — 주관적 추정,—,트럼프 5/19 백악관 기자 질의 1시간 전 보류 + 2~3일·금·토·일·내주 초 시한 + another big hit + war very popular + NSC 후속 회동 + 측근 cracking their head open + UAE 바라카 이라크 영토 발진 공식 확정 + 페제시키안 5/19 more severe and powerful response의 5중 본문으로 5/22~5/26 D-0~D-6 분기 본격 재경직·5/4 D 진입 변곡점 이래 두 번째 큰 점프
2026-05-20,E,8,0,앵커 부재 — 주관적 추정,—,5/19 IRGC 직접 사이클 0건이나 UAE 바라카 5/17 이라크 영토 발진 PMF 식별 + 이스라엘 5/19 레바논 +19명 사망(여성 3·아동 3) + Deir Qanun al-Nahr 본격 강타 + 누적 3,020명 돌파 + 5/29 안보 트랙 가동까지 9일 윈도 트립와이어 본격 잔존·페제시키안 더 가혹한 응징 본문은 미세 상승이나 IRGC 24h 휴지에 본격 흡수
2026-05-21,A,3,+1,Polymarket US-Iran nuclear deal by 5/31 (간접),~10% YES (+3p),트럼프 5/20 코스트가드 사관학교 본격 본문 'no hurry + 협상 final stages + 단순 호르무즈 개방 소규모 합의 수용 가능성 시사' + Naqvi 5/20 테헤란 2차 방문 + 페제시키안 90분 단독 회동의 외교 본격 가속이나 농축 본문 본질적 양립 불가 본격 본격 잔존·1% 바닥 본격 추가 부분 격상
2026-05-21,B,25,+4,Polymarket permanent peace deal by Dec 31 (직접),~71% YES (+7~8p),Polymarket Dec 31 +7~8p 단일일 최대 점프·이상치 본격 확정 + 트럼프 5/20 'no hurry + final stages + 단순 호르무즈 합의' 3중 톤다운 + Naqvi 2차 트랙 + Universal Winner 호르무즈 본격 통과(戰 발발 이래 韓 선박 첫·이란측 협조 완료) + War Powers 50-47 가결·중기 분포 본격 격상·단기 미세 격상
2026-05-21,C,37,-1,앵커 부재 — 주관적 추정,—,5/12~5/16 120h + 5/18~5/20 72h 키네틱 휴지 누적이나 5/17 UAE 바라카 + 사우디 3기 + UAE 5/20 외교 격상(Gargash·1977 제네바·UNSC 487) + 이스라엘 5/20 +20명 사망(민방위 구조대원 포함) 트립와이어 본격 잔존·재확전 본체 두께 C+D 65%(전일 69% -4p) 본격 부분 후퇴
2026-05-21,D,28,-3,앵커 부재 — 주관적 추정,—,트럼프 5/20 코스트가드 'no hurry + final stages + 단순 호르무즈 합의 수용 가능성' + Naqvi 2차 트랙 + War Powers 50-47 가결(Cassidy 첫 합류·8번 표결 만에 본격 가결) + CRS 美軍 항공기 42기 손실·$290억 본격 보고로 D 본체 본격 부분 후퇴이나 5/22~5/26 D-0~D-6 분기 본격 슬리피지 본격 잔존
2026-05-21,E,7,-1,앵커 부재 — 주관적 추정,—,5/20 IRGC 직접 사이클 0건·韓 Universal Winner 본격 통과·HMM Namu 드론 가능성 본격 감소이나 IRGC 5/20 '역내 넘어 확장·devastating blows' + Akraminia '새로운 전선' + 이스라엘 5/20 +20명 사망(민방위 구조대원 포함) + 5/29 안보 트랙 가동까지 8일 윈도 트립와이어 본격 잔존
2026-05-22,A,3,0,Polymarket US-Iran nuclear deal by 5/31 (간접),~13% YES (+3p),모즈타바 5/21 농축 우라늄 해외 반출 금지 지시(로이터 단독) vs 이란 외교부 Baghaei 즉시 부인 본격 양가 본문 + 트럼프 5/21 백악관 '확보 후 폐기' 본격 재명문화로 HEU 처분 본문 본질적 양립 불가 본격 굳히기·카타르 letter of intent + Naqvi 3차 + Aragchi 회담 외교 본격 가속이나 1% 바닥 보합·Polymarket May 31 +3p 단기 미세 격상
2026-05-22,B,27,+2,Polymarket permanent peace deal by Dec 31 (직접),~74% YES (+3p),카타르 별도 초안 본격 가시화(Qatar·Pakistan·Saudi·Turkey·Egypt 5개국 공동 입력) + letter of intent 美·이란 양국 서명 + 30일 협상 본격 가동 신규 프레임 + Naqvi 3차 테헤란·Aragchi 본격 회담 + 트럼프 5/21 백악관 '협상 매우 조만간 끝날 수 있다' + Rubio 'encouraging signs' + 美 하원 GOP War Powers 본격 표결 본격 취소·6월 연기 + IRGC 31~35척 호르무즈 본격 안전 통과·Polymarket Dec 31 +3p 본격 추가 격상이나 우라늄 본문 본격 잔존
2026-05-22,C,36,-1,앵커 부재 — 주관적 추정,—,5/12~5/16 120h + 5/18~5/21 96h 키네틱 휴지 누적·IRGC 직접 사이클 5/21 24h 0건이나 모즈타바 우라늄 지시·Munir 군총장 본격 보류·트럼프-네타냐후 'hair on fire' 본격 충돌·IRGC 'global offensive' 트립와이어 본격 잔존·재확전 본체 두께 C+D 63%(전일 65% -2p) 본격 부분 후퇴
2026-05-22,D,27,-1,앵커 부재 — 주관적 추정,—,美 하원 GOP War Powers 5/21 본격 표결 본격 취소·6월 연기로 트럼프 입법 견제 본격 부분 봉합·카타르 letter of intent + Naqvi 3차 + 트럼프 '협상 매우 조만간 끝날 수 있다' + IRGC 31~35척 본격 안전 통과로 D 본체 본격 부분 후퇴이나 트럼프-네타냐후 'hair on fire' + 네타냐후 Sledgehammer 강행 요구 + 우라늄 본문 양립 불가 본격 굳히기 트립와이어 본격 잔존
2026-05-22,E,7,0,앵커 부재 — 주관적 추정,—,5/21 IRGC 직접·위임 사이클 0건·헤즈볼라 응수 미가시화이나 IRGC 5/21 'global offensive' 본격 재명문화·이스라엘 누적 3,020명+ 본체 잔존·5/29 펜타곤 안보 트랙 가동까지 7일 윈도·트럼프-네타냐후 'hair on fire'·이스라엘 단독 키네틱 분기 본격 잔존·트립와이어 본격 잔존
2026-05-24,A,4,+1,Polymarket US-Iran nuclear deal by 5/31 (간접),~10% YES (-3p),一頁 프레임워크 초안 합의·5/24 발표 임박(Axios·Washington Times)·MOU 1단계 종전·호르무즈 단계 개방·동결자산 해제이나 핵·HEU 30일 deferral + 아라그치 '美 비정직·국가 권리 비타협' + Fars 호르무즈 이란 관리하로 A 격상 제약·1% 바닥서 4%로 부분 반등·Δ는 5/22 대비(5/23 미기록)·Polymarket nuclear deal May 31 -3p
2026-05-24,B,35,+8,Polymarket permanent peace by Dec 31 (직접),~76% YES (+2p),一頁 프레임워크 초안 토요일 새벽 합의·5/24 발표 목표(Axios·Washington Times·CNN) + MOU 1단계(종전·호르무즈 단계 개방·美 봉쇄 해제·동결자산 단계 해제) + 30~60일 세부 핵 deferral + 갈리바프·밴스·위트코프·쿠슈너 승인 + 파키스탄·카타르·사우디·이집트·터키 5국 수렴 + 트럼프 '합의 대부분 타결·호르무즈 개방'·series 단일 최대폭 +8p이나 합의문 미발표 미확인·문구 이견 잔존·Polymarket permanent peace Dec 31 +2p
2026-05-24,C,32,-4,앵커 부재 — 주관적 추정,—,5/12~5/16 120h + 5/18~5/23 키네틱 휴지 누적·IRGC 직접 사이클 48h 0건·一頁 프레임워크 임박으로 재확전 본체 두께 C+D 55%(5/22 63% -8p) series 최대폭 후퇴이나 핵 30일차 재격돌·이스라엘 단독 키네틱 트립와이어 잔존
2026-05-24,D,23,-4,앵커 부재 — 주관적 추정,—,트럼프 GCC 공격 보류(5/19)~一頁 프레임워크 초안 합의(5/24) 외교 본체 전이로 D 5/18 34% 고점 이래 누적 -11p이나 네타냐후 안보 내각·'HEU 전투 재개로든 제거'·트럼프 폭격 위협 갱신·핵 30일 deferral 미해소·발표 결렬 시 즉시 재격상 트립와이어 잔존
2026-05-24,E,6,-1,앵커 부재 — 주관적 추정,—,48h IRGC 직접·위임 0건·헤즈볼라 응수 미가시화·휴전 유지로 -1p이나 네타냐후 단독 키네틱 위협·이란 '전쟁 재개 시 더 참혹'·레바논 누적 3042명 본체·5/29 펜타곤 안보 트랙 D-5 트립와이어 잔존
2026-05-25,A,5,+1,Polymarket US-Iran nuclear deal by May 31 (간접),~18% YES (+8p),핵 본체 MOU 본문 편입(HEU 국외 반출·지하시설 금지·UN 불시사찰·무기화 영구 금지)으로 deferral→격상·Polymarket nuclear deal May 31 +8p이나 이란 농축권 비타협·모즈타바 HEU 반출 금지 지시·트럼프 對네타냐후 '핵 전면 해체 없이 최종 서명 불가'·60일 핵 트랙으로 A 본격 제약·+1p 절제
2026-05-25,B,36,+1,Polymarket permanent peace by Dec 31 (직접),~74% YES (-2p),5/24 一頁 프레임워크 발표 목표 불발(연성 슬리피지·5/6·5/21 이후 3번째)이나 결렬 아닌 트럼프 '서두르지 않음·건설적'·MOU 실체 심화(핵 편입·30일 통항/60일 핵 2단 구조·HEU 처분 메커니즘·아브라함 협정 결부)로 B series 최고 36%·단 봉쇄 시퀀싱·HEU 반출 1~2개 조항 미봉합·단일 카드 의존·Polymarket Dec 31 -2p
2026-05-25,C,31,-1,앵커 부재 — 주관적 추정,—,윈도 24h IRGC 직접·위임 사이클 0건·헤즈볼라 대규모 응수 미가시화·IRGC 30여 척 통항·휴전 유지로 재확전 본체 C+D 53%(5/24 55% -2p) series 최소 갱신이나 호르무즈·핵·레바논 중대 이견 잔존·통제권 과시 트립와이어 잔존
2026-05-25,D,22,-1,앵커 부재 — 주관적 추정,—,네타냐후 안보내각 '관망'+트럼프 핵 전면 해체 적색선으로 美·이스라엘 분기 부분 봉합·키네틱 24h 0건으로 D -1p이나 봉쇄 시퀀싱·HEU 반출 재슬리피지 시 즉시 재격상·60일 핵 트랙 전면 해체 vs 농축권 결렬 시 D +5~10p 트립와이어 잔존
2026-05-25,E,6,0,앵커 부재 — 주관적 추정,—,24h IRGC 직접·위임 0건·헤즈볼라 응수 미가시화·휴전 유지로 보합이나 이란 '레바논 전선 포함 종전' 고수·누적 레바논 3042명 본체·5/29 펜타곤 안보 트랙 D-4·이스라엘 단독 키네틱 분기 트립와이어 잔존
2026-05-26,A,5,0,Polymarket US-Iran nuclear deal by May 31 (간접),~18% YES (보합),Baghaei 5/25 "핵은 현 협상 대상 아님"으로 핵 MOU 본문 배제·30~60일 트랙 재이월(5/24 'MOU 편입' 읽기 부분 회귀)·美 "초기 합의 HEU 반출 불요·dispose는 최종 합의"·Reuters "이란 HEU 인도 미합의"로 A 제약이나 이란 첫 공식 프레임워크 확인·Polymarket nuclear May 31 18% 보합으로 0p 상쇄·60일 핵 트랙이 A 본체 분기
2026-05-26,B,39,+3,Polymarket permanent peace by Dec 31 (직접),~74% YES (보합),Baghaei 5/25 series 첫 이란 공식 확인("의제 상당 부분 합의·14항 MOU·30~60일")+Brent 첫 $100 하향 이탈(-5.9% $97.42·WTI<$90)+IRGC 32척 통항(상승 추세)로 B series 최고 39%·단 "서명 임박 아님" 4번째 슬리피지·핵 deferral 회귀는 초기 MOU 서명 리스크 경감(B 간접 지지)·Polymarket Dec 31 74% 보합으로 +3p는 유가·외교 확인 견인
2026-05-26,C,30,-1,앵커 부재 — 주관적 추정,—,윈도 24h IRGC 직접·위임 사이클 0건(5일+ 연속 휴지)·헤즈볼라 대규모 응수 미가시화·IRGC 32척 통항·휴전 유지·Brent crash로 재확전 본체 C+D 50%(5/25 53% -3p) series 최소 갱신이나 호르무즈 '포괄적 통제'·60일 핵 트랙·오스트리아 DSN 핵 보고 잡음 트립와이어 잔존
2026-05-26,D,20,-2,앵커 부재 — 주관적 추정,—,키네틱 24h 0건·이스라엘-레바논 45일 휴전 유지·Brent 첫 $100 이탈·이란 공식 확인으로 D -2p이나 봉쇄·제재 시퀀싱('relief for performance' vs 즉시 해제) 재슬리피지 시 즉시 재격상·60일 핵 트랙 'dispose vs 인도 미합의·전면 해체' 결렬 시 D +5~10p·5/29 펜타곤 안보 트랙 D-3 트립와이어 잔존
2026-05-26,E,6,0,앵커 부재 — 주관적 추정,—,24h IRGC 직접·위임 0건·헤즈볼라 응수 미가시화·휴전 유지로 보합이나 이란 '레바논 전선 포함 종전' 고수·누적 레바논 3042명 본체·5/29 펜타곤 안보 트랙 D-3·이스라엘 단독 키네틱 분기 트립와이어 잔존
2026-05-27,A,4,-1,Polymarket US-Iran nuclear deal by May 31 (간접),~22% YES (+4p),CENTCOM 자위권 공습·이란 SAM 응사·Baghaei '서명 임박 아님'·美 'HEU 882파운드 인도·20년 농축 중단' vs 이란 비타협으로 A 제약이나 Polymarket nuclear May 31 22%(+4p) 낙관 강화·도하 협상단 잔류로 -1p 절제·60일 핵 트랙이 A 본체 분기
2026-05-27,B,34,-5,Polymarket permanent peace by Dec 31 (직접),~81% YES (+7p),美-이란 직접 키네틱 교전 재개(IRGC 쾌속정 2척 격침·반다르아바스 SAM 타격)+이란 'far more severe' 보복 위협+레바논 전선 재점화(네타냐후 격화·베이루트 피란)로 7일 B -5p이나 도하 협상단·중앙은행 총재 동결자산 트랙 병존+美 '자위권 한정·휴전 비종료'+Polymarket Dec 31 81%(+7p) 낙관 강화로 절제·지상 키네틱 vs 예측시장 낙관 역배
2026-05-27,C,34,+4,앵커 부재 — 주관적 추정,—,CENTCOM 자위권 공습·IRGC 쾌속정 2척 격침·이란 SAM 응사·MQ-9 격추 주장·셰카르치 'far more severe' 보복 위협으로 series 첫 美-이란 직접 키네틱 교전(5일+ 휴지 종료)·제한적 재확전 부분 실현·C+D 55%(5/26 50% +5p) 재상승이나 美 '자위권 한정·휴전 비종료'+도하 트랙 병존으로 +4p 절제
2026-05-27,D,21,+1,앵커 부재 — 주관적 추정,—,레바논 전선 재점화(네타냐후 '더 세게' 격화 지시·美 대규모 작전 승인 시그널·IDF 신규 공습·베이루트 남부 피란)+헤즈볼라 8일 드론 1000기·로켓 700발+이란 'far more severe' 위협으로 D +1p이나 베이루트 본격 공습 미실현·도하 트랙 병존으로 절제·보복 실행 시 D +5~10p 트립와이어
2026-05-27,E,7,+1,앵커 부재 — 주관적 추정,—,美-이란 교전·레바논 재점화·이란 보복 위협으로 E +1p이나 도하 트랙·美 자위권 프레임으로 절제·이란 'far more severe' 보복 실행 또는 베이루트 본격 공습 시 E +3~5p 트립와이어·레바논 4/16 휴전 압박
2026-05-28,A,5,+1,Polymarket US-Iran nuclear deal by May 31 (간접),~22% YES (보합),60일 정전안 골격·트럼프 '강력한 사찰 마무리 근접'·동결자산(헤마티 도하) 트랙으로 A 하단 지지이나 샴카니 'fantasy(망상)' 강경 반격·아라그치 '서명 임박 아님'·핵 60일 deferral·Polymarket Dec 31 ~74% 하향으로 +1p 절제·nuclear May 31 ~22% 보합
2026-05-28,B,37,+3,Polymarket permanent peace by Dec 31 (직접),~74% YES (전일 추정 81% 대비 하향),美-이란 직접 교전 휴지(신규 공습·보복타격 미확인)+유가 -5%+ 반락(Brent $94.29·$100 선 재이탈·WTI $88.68)+슈퍼탱커 2척 호르무즈 통과(1주 만 첫 통항)+'30일 내 호르무즈 정상화' 보도+60일 정전안 골격의 호르무즈 축 데탕트로 7일 B +3p이나 백악관 'fabrication' 부인·레바논 지상작전 격화·샴카니 강경 반격으로 절제·단기 호르무즈 냉각 vs 연말 Dec 31 ~74% 하향 호라이즌 분화
2026-05-28,C,30,-4,앵커 부재 — 주관적 추정,—,美-이란 직접 키네틱 휴지·유가 -5%·슈퍼탱커 통과·'30일 정상화' 보도로 제한적 재확전 본체 후퇴·재확전 두께 C+D 51%(5/27 55% -4p) 부분 후퇴·무게중심 호르무즈→레바논 이동이나 IRGC '합법적·확정적' 상호 대응권 유보·호르무즈 통제권(Fars '이란 관할') 이견 잔존
2026-05-28,D,21,0,앵커 부재 — 주관적 추정,—,레바논 지상작전 '안전지대 초월' 확대(120발+ 공습 수주 내 최대·네타냐후 '작전 심화·지배 고지 장악'·사망 31명·헤즈볼라 드론·로켓·포격 응수)는 D 견인하나 美-이란 직접축 냉각(교전 휴지·유가 -5%·슈퍼탱커 통과)이 상쇄·베이루트 본격 공습·이란 보복 실행 미실현으로 보합·실행 시 D +5~10p 트립와이어
2026-05-28,E,7,0,앵커 부재 — 주관적 추정,—,이스라엘 레바논 지상 본격 진입(안전지대 초월)·헤즈볼라 응수로 4/16 휴전 본격 균열·E 트립와이어 잔존이나 美-이란 직접 교전 휴지·도하 협상단 본격 가동(아라그치·갈리바프·헤마티)으로 보합·베이루트·리타니 이북 본격 확대 시 E +3~5p 트립와이어
